{
    "f1": 0.49819,
    "em": 0.4,
    "precision": 0.52265,
    "recall": 0.49542,
    "count": 500,
    "acc": 0.426
}