{
    "f1": 0.49357,
    "em": 0.392,
    "precision": 0.52109,
    "recall": 0.48839,
    "count": 500,
    "acc": 0.414
}